	auc	ap	hidden	rnd
0	0.8049314109687007	0.05044695666604511	16	0
1	0.8839643684708689	0.06818259816542589	32	0
2	0.8672477917756527	0.0786938870907634	64	0
