	auc	ap	hidden	rnd
0	0.6836130797647348	0.03283040999699374	16	0
1	0.6993508566670863	0.0297038989429024	32	0
2	0.6139096249928175	0.032942546991394754	64	0
