,tr_acc,tr_ap,tr_e,ind_acc,ind_ap,ind_e,hidden,jk
0,0.680072666294019,0.7564542271004879,0,0.6390733671495058,0.18123718670136715,0,64,True
1,0.5,0.7794778178515978,0,0.06447733096271506,0.2499473568483011,0,128,True
