hidden,out,layers,decoder,mean,stderr
64,32,2,deephad,0.8412675591747807,0.004480398000169394
