hidden,out,layers,decoder,mean,stderr
64,32,2,deephad,0.8941513713457049,0.0009325823372834112
