hidden,out,layers,decoder,mean,stderr
64,32,2,deephad,0.9216129400961973,0.001763666219231074
